<?xml version="1.0" encoding="UTF-8"?>
<beans xmlns="http://www.springframework.org/schema/beans"
	xmlns:xsi="http://www.w3.org/2001/XMLSchema-instance"
	xsi:schemaLocation="http://www.springframework.org/schema/beans
	                    http://www.springframework.org/schema/beans/spring-beans.xsd">


<bean class="co.spring.beans.Tbean" id="b1" autowire="byType">
<property name="d1" value="100"></property>
<property name="d2" value="아린"></property>
</bean>


<bean class="co.spring.beans.Data1"></bean>
</beans>