<?xml version="1.0" encoding="UTF-8"?>
<beans xmlns="http://www.springframework.org/schema/beans"
	xmlns:xsi="http://www.w3.org/2001/XMLSchema-instance"
	xsi:schemaLocation="http://www.springframework.org/schema/beans
	                    http://www.springframework.org/schema/beans/spring-beans.xsd">

	<bean class="com.spring.beans.CollecB" id="b1">
		<property name="l1">
			<list>
				<value>dd</value>
			</list>
		</property>

		<property name="m1">
			<map>
				<entry value="문자" key="a" />
				<entry value="100" key="b" value-type="int" />
				<entry key="c">
					<bean class="com.spring.beans.Data"></bean>
				</entry>
				<entry key="d" value-ref="da">
				</entry>
				<entry key="e">
					<list>
						<value>문자1</value>
						<value>문자2</value>
					</list>
				</entry>
			</map>
		</property>

	</bean>

	<bean class="com.spring.beans.Data" id="da"></bean>
</beans>