<?xml version="1.0" encoding="UTF-8"?>
<beans xmlns="http://www.springframework.org/schema/beans"
	xmlns:xsi="http://www.w3.org/2001/XMLSchema-instance"
	xsi:schemaLocation="http://www.springframework.org/schema/beans
	                    http://www.springframework.org/schema/beans/spring-beans.xsd">


<bean class="com.spring.beans.setterb" id="b1">
<property name="d1" value="22"></property>
<property name="d2" value="3.14"></property>
<property name="d3" value="true"></property>

<property name="d5" ref="da"></property>

<property name="d6">
<bean class="com.spring.beans.setterd"></bean>
</property>
</bean>

<bean class="com.spring.beans.setterd" id="da" ></bean>



</beans>